{
  "timestamp": "2026-03-09T21:22:38.560011",
  "metrics": {
    "arima": {
      "mae": 579.776088909699,
      "rmse": 945.3410780207602,
      "mape": 17.79560062660331
    }
  },
  "best_model": "arima",
  "best_mape": 17.79560062660331
}